"Step","use_labels: False; LR: 0.001; Trial: 2; Student: MobileNetV2_1_0; Teacher: resnet32x4 - test_acc","use_labels: False; LR: 0.001; Trial: 2; Student: MobileNetV2_1_0; Teacher: resnet32x4 - test_acc__MIN","use_labels: False; LR: 0.001; Trial: 2; Student: MobileNetV2_1_0; Teacher: resnet32x4 - test_acc__MAX","LR: 0.001; Trial: 1; Student: MobileNetV2_1_0; Teacher: resnet32x4 - test_acc","LR: 0.001; Trial: 1; Student: MobileNetV2_1_0; Teacher: resnet32x4 - test_acc__MIN","LR: 0.001; Trial: 1; Student: MobileNetV2_1_0; Teacher: resnet32x4 - test_acc__MAX","LR: 0.05; Trial: 2; Student: MobileNetV2_1_0; Teacher: resnet32x4 - test_acc","LR: 0.05; Trial: 2; Student: MobileNetV2_1_0; Teacher: resnet32x4 - test_acc__MIN","LR: 0.05; Trial: 2; Student: MobileNetV2_1_0; Teacher: resnet32x4 - test_acc__MAX","LR: 0.05; Trial: 1; Student: MobileNetV2_1_0; Teacher: resnet32x4 - test_acc","LR: 0.05; Trial: 1; Student: MobileNetV2_1_0; Teacher: resnet32x4 - test_acc__MIN","LR: 0.05; Trial: 1; Student: MobileNetV2_1_0; Teacher: resnet32x4 - test_acc__MAX","LR: 0.01; Trial: 2; Student: MobileNetV2_1_0; Teacher: resnet32x4 - test_acc","LR: 0.01; Trial: 2; Student: MobileNetV2_1_0; Teacher: resnet32x4 - test_acc__MIN","LR: 0.01; Trial: 2; Student: MobileNetV2_1_0; Teacher: resnet32x4 - test_acc__MAX","LR: 0.001; Trial: 0; Student: MobileNetV2_1_0; Teacher: resnet32x4 - test_acc","LR: 0.001; Trial: 0; Student: MobileNetV2_1_0; Teacher: resnet32x4 - test_acc__MIN","LR: 0.001; Trial: 0; Student: MobileNetV2_1_0; Teacher: resnet32x4 - test_acc__MAX","LR: 0.01; Trial: 1; Student: MobileNetV2_1_0; Teacher: resnet32x4 - test_acc","LR: 0.01; Trial: 1; Student: MobileNetV2_1_0; Teacher: resnet32x4 - test_acc__MIN","LR: 0.01; Trial: 1; Student: MobileNetV2_1_0; Teacher: resnet32x4 - test_acc__MAX","LR: 0.05; Trial: 0; Student: MobileNetV2_1_0; Teacher: resnet32x4 - test_acc","LR: 0.05; Trial: 0; Student: MobileNetV2_1_0; Teacher: resnet32x4 - test_acc__MIN","LR: 0.05; Trial: 0; Student: MobileNetV2_1_0; Teacher: resnet32x4 - test_acc__MAX","LR: 0.01; Trial: 0; Student: MobileNetV2_1_0; Teacher: resnet32x4 - test_acc","LR: 0.01; Trial: 0; Student: MobileNetV2_1_0; Teacher: resnet32x4 - test_acc__MIN","LR: 0.01; Trial: 0; Student: MobileNetV2_1_0; Teacher: resnet32x4 - test_acc__MAX"
"0","8.57","8.57","8.57","7.34","7.34","7.34","9.14","9.14","9.14","10.8","10.8","10.8","13.45","13.45","13.45","8.22","8.22","8.22","12.89","12.89","12.89","11.53","11.53","11.53","13.62","13.62","13.62"
"1","13.04","13.04","13.04","14.66","14.66","14.66","14.85","14.85","14.85","14.82","14.82","14.82","21.04","21.04","21.04","14.26","14.26","14.26","20.04","20.04","20.04","13.89","13.89","13.89","19.92","19.92","19.92"
"2","18.31","18.31","18.31","18.2","18.2","18.2","18.52","18.52","18.52","19.08","19.08","19.08","25.26","25.26","25.26","18.55","18.55","18.55","25.42","25.42","25.42","20.02","20.02","20.02","24.88","24.88","24.88"
"3","21.15","21.15","21.15","21.58","21.58","21.58","23.53","23.53","23.53","21.05","21.05","21.05","29.34","29.34","29.34","21.4","21.4","21.4","26.65","26.65","26.65","23.54","23.54","23.54","30.56","30.56","30.56"
"4","25.38","25.38","25.38","24.11","24.11","24.11","23.76","23.76","23.76","28.1","28.1","28.1","32.65","32.65","32.65","24.78","24.78","24.78","33.49","33.49","33.49","28.41","28.41","28.41","33.85","33.85","33.85"
"5","26.72","26.72","26.72","27.45","27.45","27.45","28.29","28.29","28.29","28.18","28.18","28.18","35.05","35.05","35.05","27.2","27.2","27.2","30.71","30.71","30.71","29.18","29.18","29.18","35.85","35.85","35.85"
"6","28.52","28.52","28.52","29.64","29.64","29.64","31.75","31.75","31.75","31.53","31.53","31.53","38.32","38.32","38.32","28.8","28.8","28.8","39.37","39.37","39.37","27.92","27.92","27.92","36.88","36.88","36.88"
"7","31.65","31.65","31.65","31.38","31.38","31.38","29.89","29.89","29.89","30.11","30.11","30.11","40.53","40.53","40.53","31.18","31.18","31.18","40.12","40.12","40.12","31.64","31.64","31.64","39.16","39.16","39.16"
"8","33.02","33.02","33.02","34","34","34","32.43","32.43","32.43","31.36","31.36","31.36","42.98","42.98","42.98","32.55","32.55","32.55","40.58","40.58","40.58","29.46","29.46","29.46","43.59","43.59","43.59"
"9","34.21","34.21","34.21","36.34","36.34","36.34","31.13","31.13","31.13","35.57","35.57","35.57","45.25","45.25","45.25","33.76","33.76","33.76","44.91","44.91","44.91","34.64","34.64","34.64","44.2","44.2","44.2"
"10","37.33","37.33","37.33","36.79","36.79","36.79","30.53","30.53","30.53","31.46","31.46","31.46","45.44","45.44","45.44","36.23","36.23","36.23","45.59","45.59","45.59","33.22","33.22","33.22","46.02","46.02","46.02"
"11","38","38","38","39.04","39.04","39.04","33.68","33.68","33.68","36.19","36.19","36.19","47.43","47.43","47.43","37.74","37.74","37.74","47.41","47.41","47.41","37.37","37.37","37.37","47.33","47.33","47.33"
"12","39.68","39.68","39.68","40.18","40.18","40.18","37.39","37.39","37.39","33.03","33.03","33.03","48.84","48.84","48.84","37.58","37.58","37.58","49.64","49.64","49.64","36.06","36.06","36.06","48.75","48.75","48.75"
"13","40.76","40.76","40.76","40.73","40.73","40.73","33.36","33.36","33.36","37.25","37.25","37.25","50.56","50.56","50.56","39.91","39.91","39.91","49.92","49.92","49.92","37.84","37.84","37.84","49.38","49.38","49.38"
"14","42.21","42.21","42.21","41.17","41.17","41.17","33.77","33.77","33.77","35.05","35.05","35.05","51.37","51.37","51.37","40.84","40.84","40.84","48.6","48.6","48.6","36.66","36.66","36.66","50.58","50.58","50.58"
"15","42.81","42.81","42.81","42.79","42.79","42.79","31.88","31.88","31.88","38.8","38.8","38.8","52.45","52.45","52.45","42.13","42.13","42.13","51.69","51.69","51.69","39.09","39.09","39.09","51.34","51.34","51.34"
"16","43.82","43.82","43.82","43.84","43.84","43.84","39.23","39.23","39.23","38.56","38.56","38.56","51.46","51.46","51.46","43.45","43.45","43.45","52.56","52.56","52.56","37.02","37.02","37.02","50.58","50.58","50.58"
"17","44.68","44.68","44.68","45.26","45.26","45.26","36.66","36.66","36.66","38.48","38.48","38.48","51.1","51.1","51.1","44.56","44.56","44.56","52.71","52.71","52.71","37.04","37.04","37.04","51.67","51.67","51.67"
"18","45.13","45.13","45.13","45.79","45.79","45.79","34.15","34.15","34.15","36.76","36.76","36.76","53.19","53.19","53.19","45.12","45.12","45.12","51.3","51.3","51.3","38.62","38.62","38.62","50.54","50.54","50.54"
"19","44.98","44.98","44.98","46.45","46.45","46.45","40.46","40.46","40.46","36.79","36.79","36.79","54.3","54.3","54.3","46.26","46.26","46.26","52.86","52.86","52.86","39.28","39.28","39.28","53.59","53.59","53.59"
"20","46.4","46.4","46.4","47.52","47.52","47.52","38.25","38.25","38.25","39.77","39.77","39.77","53.76","53.76","53.76","46.94","46.94","46.94","53.8","53.8","53.8","39.93","39.93","39.93","54.76","54.76","54.76"
"21","46.39","46.39","46.39","48.58","48.58","48.58","38.51","38.51","38.51","38.58","38.58","38.58","55.29","55.29","55.29","47.41","47.41","47.41","55.91","55.91","55.91","42.99","42.99","42.99","53.88","53.88","53.88"
"22","48.3","48.3","48.3","48.81","48.81","48.81","39.52","39.52","39.52","37.07","37.07","37.07","55.14","55.14","55.14","47.57","47.57","47.57","55.34","55.34","55.34","34.56","34.56","34.56","54.66","54.66","54.66"
"23","47.82","47.82","47.82","48.36","48.36","48.36","37.02","37.02","37.02","40.75","40.75","40.75","55.99","55.99","55.99","48.92","48.92","48.92","54.68","54.68","54.68","38.91","38.91","38.91","55.25","55.25","55.25"
"24","48.89","48.89","48.89","49.91","49.91","49.91","41.14","41.14","41.14","41.29","41.29","41.29","55.74","55.74","55.74","49.58","49.58","49.58","56.8","56.8","56.8","39.57","39.57","39.57","55.19","55.19","55.19"
"25","49.45","49.45","49.45","50.36","50.36","50.36","39.85","39.85","39.85","40.53","40.53","40.53","56.2","56.2","56.2","49.87","49.87","49.87","56.44","56.44","56.44","38.19","38.19","38.19","56.14","56.14","56.14"
"26","49.87","49.87","49.87","50.73","50.73","50.73","42.1","42.1","42.1","36.8","36.8","36.8","57.54","57.54","57.54","49.92","49.92","49.92","57.14","57.14","57.14","38.59","38.59","38.59","56.59","56.59","56.59"
"27","48.77","48.77","48.77","51.36","51.36","51.36","36.47","36.47","36.47","40.55","40.55","40.55","57.12","57.12","57.12","50.13","50.13","50.13","57.55","57.55","57.55","38.63","38.63","38.63","55.28","55.28","55.28"
"28","50.25","50.25","50.25","51.83","51.83","51.83","40.34","40.34","40.34","41.04","41.04","41.04","58.13","58.13","58.13","50.85","50.85","50.85","58.41","58.41","58.41","39.94","39.94","39.94","57.27","57.27","57.27"
"29","50.11","50.11","50.11","52.14","52.14","52.14","34.55","34.55","34.55","41.36","41.36","41.36","58.94","58.94","58.94","51.98","51.98","51.98","57.48","57.48","57.48","38","38","38","57.64","57.64","57.64"
"30","51.5","51.5","51.5","52.67","52.67","52.67","41.78","41.78","41.78","36.59","36.59","36.59","57.9","57.9","57.9","51.47","51.47","51.47","57.07","57.07","57.07","40.75","40.75","40.75","57.96","57.96","57.96"
"31","50.93","50.93","50.93","53.11","53.11","53.11","39.35","39.35","39.35","39.92","39.92","39.92","56.12","56.12","56.12","52.16","52.16","52.16","58.22","58.22","58.22","41.12","41.12","41.12","58.7","58.7","58.7"
"32","51.83","51.83","51.83","53.35","53.35","53.35","40.96","40.96","40.96","40.8","40.8","40.8","57.89","57.89","57.89","52.69","52.69","52.69","56.08","56.08","56.08","35.51","35.51","35.51","58.29","58.29","58.29"
"33","51.85","51.85","51.85","53.26","53.26","53.26","42.27","42.27","42.27","40.09","40.09","40.09","57.96","57.96","57.96","52.56","52.56","52.56","57.24","57.24","57.24","41.53","41.53","41.53","57.65","57.65","57.65"
"34","52.07","52.07","52.07","53.32","53.32","53.32","42.32","42.32","42.32","42.15","42.15","42.15","59.55","59.55","59.55","53.83","53.83","53.83","57.03","57.03","57.03","42.16","42.16","42.16","58.96","58.96","58.96"
"35","52.66","52.66","52.66","53.06","53.06","53.06","40.99","40.99","40.99","41.77","41.77","41.77","58.87","58.87","58.87","52.9","52.9","52.9","57.63","57.63","57.63","40.16","40.16","40.16","59.04","59.04","59.04"
"36","52.82","52.82","52.82","54.23","54.23","54.23","42.66","42.66","42.66","40.96","40.96","40.96","58.86","58.86","58.86","54.1","54.1","54.1","59.76","59.76","59.76","41.25","41.25","41.25","58.65","58.65","58.65"
"37","53.8","53.8","53.8","53.81","53.81","53.81","42.59","42.59","42.59","41.1","41.1","41.1","59.86","59.86","59.86","53.66","53.66","53.66","59.5","59.5","59.5","37.04","37.04","37.04","59.64","59.64","59.64"
"38","53.31","53.31","53.31","54.2","54.2","54.2","42.44","42.44","42.44","39.55","39.55","39.55","59.83","59.83","59.83","54.27","54.27","54.27","58.04","58.04","58.04","40.23","40.23","40.23","59.22","59.22","59.22"
"39","54.59","54.59","54.59","55.25","55.25","55.25","37.14","37.14","37.14","40.45","40.45","40.45","60.67","60.67","60.67","54.18","54.18","54.18","59.32","59.32","59.32","39.36","39.36","39.36","59.63","59.63","59.63"
"40","54.62","54.62","54.62","55.22","55.22","55.22","36.61","36.61","36.61","38.29","38.29","38.29","60.53","60.53","60.53","54.38","54.38","54.38","60.13","60.13","60.13","42.85","42.85","42.85","60.46","60.46","60.46"
"41","53.84","53.84","53.84","54.84","54.84","54.84","38.64","38.64","38.64","43.62","43.62","43.62","60.2","60.2","60.2","54.81","54.81","54.81","59.35","59.35","59.35","42.76","42.76","42.76","58.1","58.1","58.1"
"42","54.91","54.91","54.91","55.79","55.79","55.79","43.54","43.54","43.54","39.79","39.79","39.79","60.28","60.28","60.28","54.46","54.46","54.46","59.1","59.1","59.1","43.31","43.31","43.31","59.78","59.78","59.78"
"43","54.24","54.24","54.24","55.53","55.53","55.53","40.05","40.05","40.05","41.58","41.58","41.58","60.13","60.13","60.13","55.6","55.6","55.6","58.98","58.98","58.98","38.4","38.4","38.4","59.98","59.98","59.98"
"44","55.14","55.14","55.14","55.69","55.69","55.69","41.42","41.42","41.42","42.78","42.78","42.78","60.87","60.87","60.87","55.05","55.05","55.05","59","59","59","41.06","41.06","41.06","60.58","60.58","60.58"
"45","54.88","54.88","54.88","55.71","55.71","55.71","42.47","42.47","42.47","36.84","36.84","36.84","59.51","59.51","59.51","55.56","55.56","55.56","58.94","58.94","58.94","42.7","42.7","42.7","59.7","59.7","59.7"
"46","55.63","55.63","55.63","56.82","56.82","56.82","38.4","38.4","38.4","35.47","35.47","35.47","60.66","60.66","60.66","55.56","55.56","55.56","60.47","60.47","60.47","40.82","40.82","40.82","60.5","60.5","60.5"
"47","55","55","55","55.78","55.78","55.78","38.79","38.79","38.79","41.77","41.77","41.77","59.89","59.89","59.89","55.97","55.97","55.97","59.64","59.64","59.64","43.66","43.66","43.66","61.04","61.04","61.04"
"48","55.94","55.94","55.94","56.62","56.62","56.62","42.95","42.95","42.95","41.78","41.78","41.78","60.68","60.68","60.68","55.84","55.84","55.84","58.2","58.2","58.2","36.44","36.44","36.44","59.84","59.84","59.84"
"49","55.37","55.37","55.37","56.51","56.51","56.51","42.04","42.04","42.04","43.59","43.59","43.59","61.05","61.05","61.05","55.78","55.78","55.78","60.98","60.98","60.98","43.44","43.44","43.44","59.23","59.23","59.23"
"50","56.2","56.2","56.2","56.25","56.25","56.25","42.16","42.16","42.16","44.54","44.54","44.54","61.74","61.74","61.74","56.21","56.21","56.21","59.93","59.93","59.93","42.02","42.02","42.02","60","60","60"
"51","56.23","56.23","56.23","56.15","56.15","56.15","40.91","40.91","40.91","40.77","40.77","40.77","59.97","59.97","59.97","56.42","56.42","56.42","60.37","60.37","60.37","44.01","44.01","44.01","59.78","59.78","59.78"
"52","56.29","56.29","56.29","56.96","56.96","56.96","41.53","41.53","41.53","44.03","44.03","44.03","61.54","61.54","61.54","56.99","56.99","56.99","60.53","60.53","60.53","38.88","38.88","38.88","59.96","59.96","59.96"
"53","56.34","56.34","56.34","57.63","57.63","57.63","40.7","40.7","40.7","42.76","42.76","42.76","60.45","60.45","60.45","56.61","56.61","56.61","61.45","61.45","61.45","41.55","41.55","41.55","60.61","60.61","60.61"
"54","56.95","56.95","56.95","57.56","57.56","57.56","43.09","43.09","43.09","39.15","39.15","39.15","60.47","60.47","60.47","57.01","57.01","57.01","61.45","61.45","61.45","42.59","42.59","42.59","60.31","60.31","60.31"
"55","57.13","57.13","57.13","57.23","57.23","57.23","39.36","39.36","39.36","44.85","44.85","44.85","61.06","61.06","61.06","56.82","56.82","56.82","61.46","61.46","61.46","41.33","41.33","41.33","60.4","60.4","60.4"
"56","56.78","56.78","56.78","57.33","57.33","57.33","43.69","43.69","43.69","43.91","43.91","43.91","61.64","61.64","61.64","56.98","56.98","56.98","61.68","61.68","61.68","40.33","40.33","40.33","58.71","58.71","58.71"
"57","57","57","57","57.6","57.6","57.6","42.37","42.37","42.37","44.2","44.2","44.2","60.35","60.35","60.35","56.55","56.55","56.55","61.03","61.03","61.03","41.75","41.75","41.75","61.42","61.42","61.42"
"58","57.2","57.2","57.2","57.44","57.44","57.44","40.98","40.98","40.98","41.17","41.17","41.17","61.48","61.48","61.48","57.27","57.27","57.27","60.46","60.46","60.46","40.83","40.83","40.83","61.02","61.02","61.02"
"59","57.01","57.01","57.01","57.95","57.95","57.95","43.16","43.16","43.16","39.69","39.69","39.69","61.29","61.29","61.29","57.71","57.71","57.71","61","61","61","42.38","42.38","42.38","61.01","61.01","61.01"
"60","56.41","56.41","56.41","57.51","57.51","57.51","38.98","38.98","38.98","43.45","43.45","43.45","62.81","62.81","62.81","57.33","57.33","57.33","59.67","59.67","59.67","44.74","44.74","44.74","60.86","60.86","60.86"
"61","56.8","56.8","56.8","57.73","57.73","57.73","42.81","42.81","42.81","39.39","39.39","39.39","60.62","60.62","60.62","58.03","58.03","58.03","61.79","61.79","61.79","40.14","40.14","40.14","61.22","61.22","61.22"
"62","56.82","56.82","56.82","58.09","58.09","58.09","39.66","39.66","39.66","43.64","43.64","43.64","62.39","62.39","62.39","57.67","57.67","57.67","59.86","59.86","59.86","41.34","41.34","41.34","61.13","61.13","61.13"
"63","57.07","57.07","57.07","58.08","58.08","58.08","42.35","42.35","42.35","41.74","41.74","41.74","62.09","62.09","62.09","57.82","57.82","57.82","60.52","60.52","60.52","42.1","42.1","42.1","60.58","60.58","60.58"
"64","57.01","57.01","57.01","58","58","58","39.74","39.74","39.74","41.15","41.15","41.15","61.46","61.46","61.46","57.92","57.92","57.92","62","62","62","40.76","40.76","40.76","60.25","60.25","60.25"
"65","57.41","57.41","57.41","58.04","58.04","58.04","41.56","41.56","41.56","41.73","41.73","41.73","62.69","62.69","62.69","58.21","58.21","58.21","61.43","61.43","61.43","42.47","42.47","42.47","60.58","60.58","60.58"
"66","57.17","57.17","57.17","57.34","57.34","57.34","38.51","38.51","38.51","42.54","42.54","42.54","62.6","62.6","62.6","57.93","57.93","57.93","61.7","61.7","61.7","41.74","41.74","41.74","60.51","60.51","60.51"
"67","57.95","57.95","57.95","57.37","57.37","57.37","43.82","43.82","43.82","41.46","41.46","41.46","61.27","61.27","61.27","58.04","58.04","58.04","61.78","61.78","61.78","42.75","42.75","42.75","60.99","60.99","60.99"
"68","57.32","57.32","57.32","58.35","58.35","58.35","41.74","41.74","41.74","42.38","42.38","42.38","62.46","62.46","62.46","58.19","58.19","58.19","62.16","62.16","62.16","42.96","42.96","42.96","61.83","61.83","61.83"
"69","57.85","57.85","57.85","58.11","58.11","58.11","40.57","40.57","40.57","42.88","42.88","42.88","62.42","62.42","62.42","59.09","59.09","59.09","63.69","63.69","63.69","42.31","42.31","42.31","61.2","61.2","61.2"
"70","58.29","58.29","58.29","58.15","58.15","58.15","44.11","44.11","44.11","42.39","42.39","42.39","62.75","62.75","62.75","58.01","58.01","58.01","60.66","60.66","60.66","42.7","42.7","42.7","61.22","61.22","61.22"
"71","57.37","57.37","57.37","58.75","58.75","58.75","41.34","41.34","41.34","43.72","43.72","43.72","61.27","61.27","61.27","57.84","57.84","57.84","60.76","60.76","60.76","42.45","42.45","42.45","61.86","61.86","61.86"
"72","57.88","57.88","57.88","58.43","58.43","58.43","42.59","42.59","42.59","40.64","40.64","40.64","60.41","60.41","60.41","58.37","58.37","58.37","62.14","62.14","62.14","42.74","42.74","42.74","61.42","61.42","61.42"
"73","58.58","58.58","58.58","58.81","58.81","58.81","40.53","40.53","40.53","42.72","42.72","42.72","62.44","62.44","62.44","58.4","58.4","58.4","62.78","62.78","62.78","42.41","42.41","42.41","62.51","62.51","62.51"
"74","58.19","58.19","58.19","59.5","59.5","59.5","43.64","43.64","43.64","44.17","44.17","44.17","62.35","62.35","62.35","58.2","58.2","58.2","62.71","62.71","62.71","42.3","42.3","42.3","62.55","62.55","62.55"
"75","58.37","58.37","58.37","58.98","58.98","58.98","42.53","42.53","42.53","41.91","41.91","41.91","63.73","63.73","63.73","58.83","58.83","58.83","62.08","62.08","62.08","43.12","43.12","43.12","60.96","60.96","60.96"
"76","58.01","58.01","58.01","59.18","59.18","59.18","41.27","41.27","41.27","41.54","41.54","41.54","61.91","61.91","61.91","58.64","58.64","58.64","62.62","62.62","62.62","42.69","42.69","42.69","61.51","61.51","61.51"
"77","58.08","58.08","58.08","58.58","58.58","58.58","41.9","41.9","41.9","39.44","39.44","39.44","63.07","63.07","63.07","58.76","58.76","58.76","62.39","62.39","62.39","40.86","40.86","40.86","61.56","61.56","61.56"
"78","58.6","58.6","58.6","58.42","58.42","58.42","43.08","43.08","43.08","40.93","40.93","40.93","62.73","62.73","62.73","58.51","58.51","58.51","62.66","62.66","62.66","36.62","36.62","36.62","61.48","61.48","61.48"
"79","59.03","59.03","59.03","58.6","58.6","58.6","42.62","42.62","42.62","42.46","42.46","42.46","62.07","62.07","62.07","59.17","59.17","59.17","62.51","62.51","62.51","37.5","37.5","37.5","62.13","62.13","62.13"
"80","57.76","57.76","57.76","58.44","58.44","58.44","43.38","43.38","43.38","40.66","40.66","40.66","60.99","60.99","60.99","58.69","58.69","58.69","62.07","62.07","62.07","41.59","41.59","41.59","62.42","62.42","62.42"
"81","58.58","58.58","58.58","58.35","58.35","58.35","40.93","40.93","40.93","42.65","42.65","42.65","62.28","62.28","62.28","57.84","57.84","57.84","62.13","62.13","62.13","42.34","42.34","42.34","61.34","61.34","61.34"
"82","58.65","58.65","58.65","59.08","59.08","59.08","41.21","41.21","41.21","43.66","43.66","43.66","61.51","61.51","61.51","60.02","60.02","60.02","62.61","62.61","62.61","42.07","42.07","42.07","62.09","62.09","62.09"
"83","58.22","58.22","58.22","59.6","59.6","59.6","42.51","42.51","42.51","41.26","41.26","41.26","62.68","62.68","62.68","59.33","59.33","59.33","62.3","62.3","62.3","41.67","41.67","41.67","62.88","62.88","62.88"
"84","58.25","58.25","58.25","58.9","58.9","58.9","41.45","41.45","41.45","41.39","41.39","41.39","64.65","64.65","64.65","59.17","59.17","59.17","62.11","62.11","62.11","42.01","42.01","42.01","61.52","61.52","61.52"
"85","59.23","59.23","59.23","58.89","58.89","58.89","40.96","40.96","40.96","44.3","44.3","44.3","61.07","61.07","61.07","59.38","59.38","59.38","63.79","63.79","63.79","39.9","39.9","39.9","59.67","59.67","59.67"
"86","58.74","58.74","58.74","59.91","59.91","59.91","40.67","40.67","40.67","37.2","37.2","37.2","62.11","62.11","62.11","58.94","58.94","58.94","62.15","62.15","62.15","42.2","42.2","42.2","62.83","62.83","62.83"
"87","59.11","59.11","59.11","59.39","59.39","59.39","40.21","40.21","40.21","42.14","42.14","42.14","61.13","61.13","61.13","59.56","59.56","59.56","61.83","61.83","61.83","39.55","39.55","39.55","62.3","62.3","62.3"
"88","58.47","58.47","58.47","58.57","58.57","58.57","38.2","38.2","38.2","41.32","41.32","41.32","62.91","62.91","62.91","59.12","59.12","59.12","61.6","61.6","61.6","43.9","43.9","43.9","60.73","60.73","60.73"
"89","59","59","59","59.27","59.27","59.27","40.91","40.91","40.91","41.61","41.61","41.61","63.32","63.32","63.32","59.53","59.53","59.53","62.98","62.98","62.98","42.11","42.11","42.11","63.27","63.27","63.27"
"90","59.16","59.16","59.16","59.53","59.53","59.53","42.87","42.87","42.87","42.2","42.2","42.2","63.27","63.27","63.27","58.51","58.51","58.51","62.02","62.02","62.02","41.21","41.21","41.21","63.2","63.2","63.2"
"91","59.06","59.06","59.06","59.55","59.55","59.55","41.65","41.65","41.65","42.54","42.54","42.54","63.27","63.27","63.27","59.65","59.65","59.65","62.55","62.55","62.55","44.25","44.25","44.25","62.54","62.54","62.54"
"92","58.44","58.44","58.44","59.48","59.48","59.48","42.67","42.67","42.67","39.85","39.85","39.85","63.29","63.29","63.29","59.8","59.8","59.8","61.87","61.87","61.87","41.43","41.43","41.43","62.73","62.73","62.73"
"93","58.52","58.52","58.52","58.59","58.59","58.59","40.46","40.46","40.46","41.38","41.38","41.38","62.85","62.85","62.85","59.8","59.8","59.8","63.72","63.72","63.72","40.4","40.4","40.4","62.12","62.12","62.12"
"94","59.5","59.5","59.5","59.17","59.17","59.17","42.24","42.24","42.24","41.98","41.98","41.98","62.61","62.61","62.61","59.78","59.78","59.78","64.34","64.34","64.34","39.36","39.36","39.36","62.9","62.9","62.9"
"95","58.92","58.92","58.92","59.09","59.09","59.09","37.73","37.73","37.73","40.14","40.14","40.14","63.75","63.75","63.75","59.98","59.98","59.98","63.34","63.34","63.34","40.27","40.27","40.27","62.55","62.55","62.55"
"96","59","59","59","59.56","59.56","59.56","39.61","39.61","39.61","41.14","41.14","41.14","63.4","63.4","63.4","59.78","59.78","59.78","63.59","63.59","63.59","38.64","38.64","38.64","62.37","62.37","62.37"
"97","58.67","58.67","58.67","59.8","59.8","59.8","43.05","43.05","43.05","42.68","42.68","42.68","62.46","62.46","62.46","59.54","59.54","59.54","63.24","63.24","63.24","39","39","39","63.35","63.35","63.35"
"98","59.16","59.16","59.16","59.55","59.55","59.55","38.48","38.48","38.48","36.3","36.3","36.3","63.15","63.15","63.15","60.06","60.06","60.06","63.36","63.36","63.36","44.68","44.68","44.68","62.48","62.48","62.48"
"99","59.17","59.17","59.17","59.68","59.68","59.68","43.33","43.33","43.33","41.75","41.75","41.75","63.48","63.48","63.48","59.26","59.26","59.26","63.12","63.12","63.12","42.32","42.32","42.32","63.07","63.07","63.07"
"100","58.85","58.85","58.85","59.14","59.14","59.14","41.24","41.24","41.24","41.69","41.69","41.69","62.21","62.21","62.21","59.63","59.63","59.63","62.84","62.84","62.84","38.14","38.14","38.14","62.26","62.26","62.26"
"101","59.54","59.54","59.54","59.71","59.71","59.71","40.84","40.84","40.84","39.75","39.75","39.75","63.3","63.3","63.3","59.89","59.89","59.89","62.76","62.76","62.76","42.24","42.24","42.24","62.92","62.92","62.92"
"102","59.32","59.32","59.32","59.94","59.94","59.94","41.19","41.19","41.19","42.19","42.19","42.19","63.39","63.39","63.39","60.32","60.32","60.32","64.06","64.06","64.06","40.98","40.98","40.98","62.4","62.4","62.4"
"103","59.27","59.27","59.27","60.06","60.06","60.06","42","42","42","42.9","42.9","42.9","62.78","62.78","62.78","60.3","60.3","60.3","63.25","63.25","63.25","41.37","41.37","41.37","62.25","62.25","62.25"
"104","59.31","59.31","59.31","59.93","59.93","59.93","39.91","39.91","39.91","41.27","41.27","41.27","62.54","62.54","62.54","60.08","60.08","60.08","62.47","62.47","62.47","42.63","42.63","42.63","63.67","63.67","63.67"
"105","59.76","59.76","59.76","60.32","60.32","60.32","37.87","37.87","37.87","43.11","43.11","43.11","62.89","62.89","62.89","60.66","60.66","60.66","64.39","64.39","64.39","43.65","43.65","43.65","62.4","62.4","62.4"
"106","59.76","59.76","59.76","60.1","60.1","60.1","41.11","41.11","41.11","42.43","42.43","42.43","63.61","63.61","63.61","60.05","60.05","60.05","63.55","63.55","63.55","41.2","41.2","41.2","62.85","62.85","62.85"
"107","59.52","59.52","59.52","59.93","59.93","59.93","42.06","42.06","42.06","40.83","40.83","40.83","63.09","63.09","63.09","60.5","60.5","60.5","63.76","63.76","63.76","37.01","37.01","37.01","63.48","63.48","63.48"
"108","58.71","58.71","58.71","60.05","60.05","60.05","42.49","42.49","42.49","40.6","40.6","40.6","63.19","63.19","63.19","60.24","60.24","60.24","63.59","63.59","63.59","42.58","42.58","42.58","63.64","63.64","63.64"
"109","59.13","59.13","59.13","60.38","60.38","60.38","43.42","43.42","43.42","41.37","41.37","41.37","63.26","63.26","63.26","60.07","60.07","60.07","64.67","64.67","64.67","41.23","41.23","41.23","62.45","62.45","62.45"
"110","59.71","59.71","59.71","59.81","59.81","59.81","41.96","41.96","41.96","37.01","37.01","37.01","63.61","63.61","63.61","60.4","60.4","60.4","63.02","63.02","63.02","43.29","43.29","43.29","63.83","63.83","63.83"
"111","59.2","59.2","59.2","60.61","60.61","60.61","41.73","41.73","41.73","42.75","42.75","42.75","62.15","62.15","62.15","60.52","60.52","60.52","62.42","62.42","62.42","40.92","40.92","40.92","62.36","62.36","62.36"
"112","58.59","58.59","58.59","60.1","60.1","60.1","37.16","37.16","37.16","39.8","39.8","39.8","61.36","61.36","61.36","60.45","60.45","60.45","62.76","62.76","62.76","39.16","39.16","39.16","62.36","62.36","62.36"
"113","59.28","59.28","59.28","60.39","60.39","60.39","42.06","42.06","42.06","42.29","42.29","42.29","62.22","62.22","62.22","59.87","59.87","59.87","62.54","62.54","62.54","39.63","39.63","39.63","62.55","62.55","62.55"
"114","59.62","59.62","59.62","60.19","60.19","60.19","42.51","42.51","42.51","40","40","40","62.61","62.61","62.61","60.05","60.05","60.05","61.94","61.94","61.94","39.58","39.58","39.58","62.78","62.78","62.78"
"115","59.75","59.75","59.75","60.26","60.26","60.26","40.07","40.07","40.07","41.39","41.39","41.39","63.71","63.71","63.71","60.25","60.25","60.25","63.86","63.86","63.86","43.45","43.45","43.45","62.81","62.81","62.81"
"116","58.82","58.82","58.82","59.56","59.56","59.56","42.71","42.71","42.71","41.5","41.5","41.5","62.45","62.45","62.45","60.22","60.22","60.22","63.71","63.71","63.71","40.81","40.81","40.81","63.43","63.43","63.43"
"117","59.78","59.78","59.78","60.28","60.28","60.28","37.52","37.52","37.52","41.44","41.44","41.44","63.68","63.68","63.68","60.07","60.07","60.07","63.85","63.85","63.85","42.48","42.48","42.48","62.26","62.26","62.26"
"118","60.05","60.05","60.05","60.18","60.18","60.18","40.36","40.36","40.36","40.92","40.92","40.92","64.24","64.24","64.24","60.54","60.54","60.54","63.07","63.07","63.07","43.35","43.35","43.35","61.51","61.51","61.51"
"119","59.59","59.59","59.59","60.35","60.35","60.35","39.24","39.24","39.24","36.6","36.6","36.6","62.94","62.94","62.94","60.63","60.63","60.63","62.63","62.63","62.63","41.86","41.86","41.86","63.59","63.59","63.59"
"120","59.78","59.78","59.78","59.79","59.79","59.79","43.29","43.29","43.29","43.61","43.61","43.61","63.63","63.63","63.63","60.16","60.16","60.16","64.08","64.08","64.08","43.07","43.07","43.07","61.61","61.61","61.61"
"121","60.19","60.19","60.19","60.21","60.21","60.21","40.15","40.15","40.15","41.37","41.37","41.37","64.2","64.2","64.2","60.73","60.73","60.73","62.95","62.95","62.95","39.82","39.82","39.82","62.64","62.64","62.64"
"122","60.27","60.27","60.27","60.25","60.25","60.25","41.2","41.2","41.2","43.08","43.08","43.08","63.32","63.32","63.32","60.3","60.3","60.3","64.13","64.13","64.13","41.7","41.7","41.7","61.84","61.84","61.84"
"123","60.11","60.11","60.11","60.03","60.03","60.03","40.6","40.6","40.6","44.34","44.34","44.34","64.02","64.02","64.02","60.47","60.47","60.47","64.18","64.18","64.18","41.93","41.93","41.93","62.04","62.04","62.04"
"124","60.25","60.25","60.25","60.66","60.66","60.66","40.55","40.55","40.55","40.43","40.43","40.43","64.23","64.23","64.23","60.57","60.57","60.57","63.14","63.14","63.14","39.8","39.8","39.8","62.55","62.55","62.55"
"125","60.03","60.03","60.03","60.66","60.66","60.66","40.86","40.86","40.86","41.83","41.83","41.83","64.05","64.05","64.05","60.54","60.54","60.54","63.08","63.08","63.08","41.02","41.02","41.02","61.88","61.88","61.88"
"126","59.97","59.97","59.97","60.71","60.71","60.71","39.59","39.59","39.59","37.51","37.51","37.51","63.52","63.52","63.52","60.84","60.84","60.84","61.75","61.75","61.75","41.41","41.41","41.41","62.15","62.15","62.15"
"127","60.38","60.38","60.38","60.35","60.35","60.35","43.15","43.15","43.15","41.4","41.4","41.4","63.67","63.67","63.67","60.43","60.43","60.43","63.22","63.22","63.22","43.36","43.36","43.36","61.44","61.44","61.44"
"128","60.28","60.28","60.28","60.57","60.57","60.57","40.57","40.57","40.57","40.46","40.46","40.46","64.32","64.32","64.32","60.75","60.75","60.75","64.06","64.06","64.06","41.07","41.07","41.07","61.52","61.52","61.52"
"129","59.82","59.82","59.82","60.24","60.24","60.24","41.07","41.07","41.07","40.43","40.43","40.43","64.43","64.43","64.43","60.55","60.55","60.55","63.61","63.61","63.61","44.09","44.09","44.09","63.49","63.49","63.49"
"130","59.77","59.77","59.77","60.8","60.8","60.8","39.18","39.18","39.18","42.77","42.77","42.77","63.29","63.29","63.29","60.66","60.66","60.66","62.8","62.8","62.8","40.17","40.17","40.17","63.3","63.3","63.3"
"131","60.11","60.11","60.11","60.54","60.54","60.54","41.01","41.01","41.01","43","43","43","63.18","63.18","63.18","60.47","60.47","60.47","62.72","62.72","62.72","42.58","42.58","42.58","63.4","63.4","63.4"
"132","60.51","60.51","60.51","60.52","60.52","60.52","38.03","38.03","38.03","44.32","44.32","44.32","63.22","63.22","63.22","61.06","61.06","61.06","63.67","63.67","63.67","42.55","42.55","42.55","63.52","63.52","63.52"
"133","59.97","59.97","59.97","60.58","60.58","60.58","42.14","42.14","42.14","40.1","40.1","40.1","62.72","62.72","62.72","60.97","60.97","60.97","64.18","64.18","64.18","41.92","41.92","41.92","62.79","62.79","62.79"
"134","60.63","60.63","60.63","60.92","60.92","60.92","41.61","41.61","41.61","42.69","42.69","42.69","63.72","63.72","63.72","60.27","60.27","60.27","63.86","63.86","63.86","36.55","36.55","36.55","63.58","63.58","63.58"
"135","60.24","60.24","60.24","60.62","60.62","60.62","40.21","40.21","40.21","42.01","42.01","42.01","62.99","62.99","62.99","61.13","61.13","61.13","64.37","64.37","64.37","43.25","43.25","43.25","62.85","62.85","62.85"
"136","60.57","60.57","60.57","60.39","60.39","60.39","40.74","40.74","40.74","43.07","43.07","43.07","63.72","63.72","63.72","60.65","60.65","60.65","62.59","62.59","62.59","39.22","39.22","39.22","63.35","63.35","63.35"
"137","60.24","60.24","60.24","60.91","60.91","60.91","42.65","42.65","42.65","41.42","41.42","41.42","63.66","63.66","63.66","60.35","60.35","60.35","64.03","64.03","64.03","41.59","41.59","41.59","62.15","62.15","62.15"
"138","60.45","60.45","60.45","60.67","60.67","60.67","40.5","40.5","40.5","41.72","41.72","41.72","63.04","63.04","63.04","60.71","60.71","60.71","64.69","64.69","64.69","40.66","40.66","40.66","63.23","63.23","63.23"
"139","60.28","60.28","60.28","61.33","61.33","61.33","43.15","43.15","43.15","42.04","42.04","42.04","64.37","64.37","64.37","61.27","61.27","61.27","64.53","64.53","64.53","45.11","45.11","45.11","63.76","63.76","63.76"
"140","60.08","60.08","60.08","60.85","60.85","60.85","41.68","41.68","41.68","42.01","42.01","42.01","63.37","63.37","63.37","60.94","60.94","60.94","64.07","64.07","64.07","41.57","41.57","41.57","63.59","63.59","63.59"
"141","60.63","60.63","60.63","60.7","60.7","60.7","42.2","42.2","42.2","41.59","41.59","41.59","63.04","63.04","63.04","60.99","60.99","60.99","63.93","63.93","63.93","39.88","39.88","39.88","63.76","63.76","63.76"
"142","60.87","60.87","60.87","60.1","60.1","60.1","38.78","38.78","38.78","38.46","38.46","38.46","63.46","63.46","63.46","60.96","60.96","60.96","63.75","63.75","63.75","41.16","41.16","41.16","64.37","64.37","64.37"
"143","60.62","60.62","60.62","61.12","61.12","61.12","39.4","39.4","39.4","39.82","39.82","39.82","63.68","63.68","63.68","60.69","60.69","60.69","63.92","63.92","63.92","39.46","39.46","39.46","63.03","63.03","63.03"
"144","60.7","60.7","60.7","61.27","61.27","61.27","41.69","41.69","41.69","40.63","40.63","40.63","62.94","62.94","62.94","61.29","61.29","61.29","62.74","62.74","62.74","41.79","41.79","41.79","63.04","63.04","63.04"
"145","60.81","60.81","60.81","60.99","60.99","60.99","33.23","33.23","33.23","40.16","40.16","40.16","62.23","62.23","62.23","61.26","61.26","61.26","64.34","64.34","64.34","43.29","43.29","43.29","62.07","62.07","62.07"
"146","60.58","60.58","60.58","60.53","60.53","60.53","42.18","42.18","42.18","42.88","42.88","42.88","63.52","63.52","63.52","60.89","60.89","60.89","63.8","63.8","63.8","39.49","39.49","39.49","63.55","63.55","63.55"
"147","60.28","60.28","60.28","60.58","60.58","60.58","44.4","44.4","44.4","40.47","40.47","40.47","61.46","61.46","61.46","60.66","60.66","60.66","62.19","62.19","62.19","42.99","42.99","42.99","63.57","63.57","63.57"
"148","60.48","60.48","60.48","61.26","61.26","61.26","42.39","42.39","42.39","45.32","45.32","45.32","64.57","64.57","64.57","61.01","61.01","61.01","62.99","62.99","62.99","42.77","42.77","42.77","63.31","63.31","63.31"
"149","60.58","60.58","60.58","61.63","61.63","61.63","40.57","40.57","40.57","43.54","43.54","43.54","63.59","63.59","63.59","61.12","61.12","61.12","62.2","62.2","62.2","41.41","41.41","41.41","63.68","63.68","63.68"
"150","61.63","61.63","61.63","62.3","62.3","62.3","57","57","57","57.67","57.67","57.67","70.64","70.64","70.64","62.37","62.37","62.37","70.56","70.56","70.56","56.82","56.82","56.82","69.69","69.69","69.69"
"151","61.81","61.81","61.81","62.37","62.37","62.37","57.82","57.82","57.82","58.51","58.51","58.51","71.18","71.18","71.18","62.21","62.21","62.21","71","71","71","57.58","57.58","57.58","70.29","70.29","70.29"
"152","61.87","61.87","61.87","62.54","62.54","62.54","58.73","58.73","58.73","58.87","58.87","58.87","71.23","71.23","71.23","62.74","62.74","62.74","71.11","71.11","71.11","58.75","58.75","58.75","70.49","70.49","70.49"
"153","61.94","61.94","61.94","62.66","62.66","62.66","59.36","59.36","59.36","59.23","59.23","59.23","71.59","71.59","71.59","62.69","62.69","62.69","71.4","71.4","71.4","58.84","58.84","58.84","70.63","70.63","70.63"
"154","62.09","62.09","62.09","62.99","62.99","62.99","59.48","59.48","59.48","59.4","59.4","59.4","72","72","72","62.4","62.4","62.4","70.88","70.88","70.88","59.84","59.84","59.84","70.77","70.77","70.77"
"155","61.98","61.98","61.98","63.06","63.06","63.06","59.49","59.49","59.49","59.83","59.83","59.83","72.22","72.22","72.22","62.45","62.45","62.45","71.41","71.41","71.41","60.32","60.32","60.32","71.32","71.32","71.32"
"156","61.95","61.95","61.95","62.8","62.8","62.8","59.25","59.25","59.25","60.03","60.03","60.03","72.07","72.07","72.07","62.56","62.56","62.56","71.57","71.57","71.57","59.78","59.78","59.78","70.9","70.9","70.9"
"157","61.93","61.93","61.93","63","63","63","59.31","59.31","59.31","60.02","60.02","60.02","72.13","72.13","72.13","62.79","62.79","62.79","71.76","71.76","71.76","59.86","59.86","59.86","71.02","71.02","71.02"
"158","62.15","62.15","62.15","63.05","63.05","63.05","59.5","59.5","59.5","59.68","59.68","59.68","71.81","71.81","71.81","62.72","62.72","62.72","71.88","71.88","71.88","60.18","60.18","60.18","71.09","71.09","71.09"
"159","62.06","62.06","62.06","62.95","62.95","62.95","59.95","59.95","59.95","60.63","60.63","60.63","72.03","72.03","72.03","62.73","62.73","62.73","71.74","71.74","71.74","60.45","60.45","60.45","71.35","71.35","71.35"
"160","61.91","61.91","61.91","63.11","63.11","63.11","60.32","60.32","60.32","60.12","60.12","60.12","71.74","71.74","71.74","62.76","62.76","62.76","71.89","71.89","71.89","60.62","60.62","60.62","71","71","71"
"161","62.03","62.03","62.03","63.06","63.06","63.06","60.1","60.1","60.1","60.03","60.03","60.03","71.87","71.87","71.87","62.56","62.56","62.56","71.68","71.68","71.68","60.5","60.5","60.5","71.58","71.58","71.58"
"162","62","62","62","63","63","63","60.02","60.02","60.02","59.71","59.71","59.71","71.86","71.86","71.86","63.17","63.17","63.17","71.83","71.83","71.83","60.71","60.71","60.71","71.13","71.13","71.13"
"163","61.72","61.72","61.72","62.97","62.97","62.97","59.96","59.96","59.96","60.68","60.68","60.68","72.22","72.22","72.22","62.95","62.95","62.95","71.88","71.88","71.88","60.22","60.22","60.22","71.23","71.23","71.23"
"164","62.21","62.21","62.21","63.05","63.05","63.05","59.84","59.84","59.84","59.97","59.97","59.97","71.94","71.94","71.94","63.19","63.19","63.19","71.69","71.69","71.69","60.13","60.13","60.13","71.31","71.31","71.31"
"165","62.12","62.12","62.12","63.08","63.08","63.08","59.8","59.8","59.8","60.6","60.6","60.6","72.06","72.06","72.06","62.98","62.98","62.98","72.24","72.24","72.24","60.84","60.84","60.84","71.29","71.29","71.29"
"166","61.82","61.82","61.82","63.24","63.24","63.24","59.88","59.88","59.88","60.51","60.51","60.51","71.73","71.73","71.73","63.01","63.01","63.01","72.18","72.18","72.18","60.83","60.83","60.83","71.05","71.05","71.05"
"167","61.91","61.91","61.91","63.07","63.07","63.07","59.3","59.3","59.3","60.51","60.51","60.51","72.24","72.24","72.24","62.84","62.84","62.84","71.94","71.94","71.94","60.3","60.3","60.3","71.05","71.05","71.05"
"168","61.86","61.86","61.86","62.91","62.91","62.91","60.14","60.14","60.14","60.39","60.39","60.39","72.04","72.04","72.04","62.94","62.94","62.94","72.24","72.24","72.24","60.43","60.43","60.43","70.93","70.93","70.93"
"169","62.22","62.22","62.22","63.35","63.35","63.35","59.59","59.59","59.59","60.36","60.36","60.36","72.16","72.16","72.16","63","63","63","72.14","72.14","72.14","60.29","60.29","60.29","70.8","70.8","70.8"
"170","62.08","62.08","62.08","63.4","63.4","63.4","59.44","59.44","59.44","60.79","60.79","60.79","72.36","72.36","72.36","63.13","63.13","63.13","71.84","71.84","71.84","60.46","60.46","60.46","71.21","71.21","71.21"
"171","61.8","61.8","61.8","63.15","63.15","63.15","59.39","59.39","59.39","60.38","60.38","60.38","71.73","71.73","71.73","63.05","63.05","63.05","71.7","71.7","71.7","60.37","60.37","60.37","71.23","71.23","71.23"
"172","61.93","61.93","61.93","62.96","62.96","62.96","59.88","59.88","59.88","60.12","60.12","60.12","71.78","71.78","71.78","63.02","63.02","63.02","72.23","72.23","72.23","60.63","60.63","60.63","71.25","71.25","71.25"
"173","62.13","62.13","62.13","63.16","63.16","63.16","60.64","60.64","60.64","60.23","60.23","60.23","71.72","71.72","71.72","62.84","62.84","62.84","72.05","72.05","72.05","60.28","60.28","60.28","71.33","71.33","71.33"
"174","61.78","61.78","61.78","63.15","63.15","63.15","59.75","59.75","59.75","59.83","59.83","59.83","71.76","71.76","71.76","62.81","62.81","62.81","71.94","71.94","71.94","60.08","60.08","60.08","71.21","71.21","71.21"
"175","61.86","61.86","61.86","63.3","63.3","63.3","59.44","59.44","59.44","60.19","60.19","60.19","71.77","71.77","71.77","62.64","62.64","62.64","71.7","71.7","71.7","60.16","60.16","60.16","71.04","71.04","71.04"
"176","61.88","61.88","61.88","63.05","63.05","63.05","59.05","59.05","59.05","59.23","59.23","59.23","71.82","71.82","71.82","63.29","63.29","63.29","71.56","71.56","71.56","60.36","60.36","60.36","71.11","71.11","71.11"
"177","62.04","62.04","62.04","62.96","62.96","62.96","59.23","59.23","59.23","59.94","59.94","59.94","72.08","72.08","72.08","63.17","63.17","63.17","72.18","72.18","72.18","60.38","60.38","60.38","71.03","71.03","71.03"
"178","62.32","62.32","62.32","63.22","63.22","63.22","60.41","60.41","60.41","59.66","59.66","59.66","72.08","72.08","72.08","63.2","63.2","63.2","71.97","71.97","71.97","61.09","61.09","61.09","71.25","71.25","71.25"
"179","62.36","62.36","62.36","63.09","63.09","63.09","60.32","60.32","60.32","60.56","60.56","60.56","72.04","72.04","72.04","62.96","62.96","62.96","71.92","71.92","71.92","60.81","60.81","60.81","71.36","71.36","71.36"
"180","62.08","62.08","62.08","63.29","63.29","63.29","62.99","62.99","62.99","63.38","63.38","63.38","72.35","72.35","72.35","63.05","63.05","63.05","72.25","72.25","72.25","63.12","63.12","63.12","71.58","71.58","71.58"
"181","62.06","62.06","62.06","63.16","63.16","63.16","62.89","62.89","62.89","63.95","63.95","63.95","72.13","72.13","72.13","62.83","62.83","62.83","72.13","72.13","72.13","63.47","63.47","63.47","71.62","71.62","71.62"
"182","62.17","62.17","62.17","63.46","63.46","63.46","63.44","63.44","63.44","64.08","64.08","64.08","72.28","72.28","72.28","62.85","62.85","62.85","72.1","72.1","72.1","63.55","63.55","63.55","71.57","71.57","71.57"
"183","62.19","62.19","62.19","63.29","63.29","63.29","63.26","63.26","63.26","63.86","63.86","63.86","72.46","72.46","72.46","63.01","63.01","63.01","72.14","72.14","72.14","63.84","63.84","63.84","71.53","71.53","71.53"
"184","62.16","62.16","62.16","63.05","63.05","63.05","63.54","63.54","63.54","64","64","64","72.18","72.18","72.18","63.15","63.15","63.15","72.55","72.55","72.55","63.93","63.93","63.93","71.54","71.54","71.54"
"185","62.07","62.07","62.07","62.97","62.97","62.97","63.4","63.4","63.4","63.92","63.92","63.92","72.12","72.12","72.12","63.14","63.14","63.14","72.53","72.53","72.53","63.85","63.85","63.85","71.44","71.44","71.44"
"186","62.09","62.09","62.09","63.14","63.14","63.14","63.16","63.16","63.16","63.94","63.94","63.94","72.23","72.23","72.23","63.28","63.28","63.28","72.43","72.43","72.43","63.7","63.7","63.7","71.39","71.39","71.39"
"187","62.22","62.22","62.22","62.85","62.85","62.85","63.3","63.3","63.3","63.95","63.95","63.95","72.2","72.2","72.2","63.02","63.02","63.02","72.44","72.44","72.44","63.52","63.52","63.52","71.64","71.64","71.64"
"188","61.82","61.82","61.82","63.28","63.28","63.28","63.7","63.7","63.7","63.95","63.95","63.95","72.31","72.31","72.31","63.2","63.2","63.2","72.79","72.79","72.79","64.02","64.02","64.02","71.5","71.5","71.5"
"189","62.2","62.2","62.2","63.16","63.16","63.16","63.16","63.16","63.16","63.98","63.98","63.98","72.05","72.05","72.05","63.04","63.04","63.04","72.36","72.36","72.36","63.92","63.92","63.92","71.62","71.62","71.62"
"190","62.06","62.06","62.06","63.35","63.35","63.35","63.43","63.43","63.43","64.17","64.17","64.17","72.29","72.29","72.29","63.1","63.1","63.1","72.48","72.48","72.48","64.59","64.59","64.59","71.28","71.28","71.28"
"191","62.25","62.25","62.25","62.99","62.99","62.99","63.76","63.76","63.76","64.44","64.44","64.44","72.37","72.37","72.37","63.21","63.21","63.21","72.48","72.48","72.48","63.67","63.67","63.67","71.46","71.46","71.46"
"192","62.16","62.16","62.16","63.15","63.15","63.15","63.72","63.72","63.72","64.12","64.12","64.12","72.03","72.03","72.03","63.15","63.15","63.15","72.51","72.51","72.51","64.21","64.21","64.21","71.46","71.46","71.46"
"193","62.29","62.29","62.29","63.27","63.27","63.27","63.66","63.66","63.66","64.21","64.21","64.21","72.64","72.64","72.64","63.09","63.09","63.09","72.42","72.42","72.42","64.13","64.13","64.13","71.5","71.5","71.5"
"194","62.1","62.1","62.1","62.98","62.98","62.98","63.41","63.41","63.41","64.03","64.03","64.03","72.57","72.57","72.57","63.11","63.11","63.11","72.6","72.6","72.6","64.09","64.09","64.09","71.57","71.57","71.57"
"195","62.3","62.3","62.3","63.07","63.07","63.07","63.67","63.67","63.67","64.19","64.19","64.19","72.28","72.28","72.28","63.08","63.08","63.08","72.36","72.36","72.36","64.26","64.26","64.26","71.3","71.3","71.3"
"196","62.37","62.37","62.37","63.28","63.28","63.28","63.97","63.97","63.97","64.45","64.45","64.45","72.24","72.24","72.24","62.89","62.89","62.89","72.52","72.52","72.52","64.27","64.27","64.27","71.49","71.49","71.49"
"197","62.19","62.19","62.19","63.33","63.33","63.33","63.77","63.77","63.77","64.21","64.21","64.21","72.47","72.47","72.47","63.02","63.02","63.02","72.53","72.53","72.53","64.22","64.22","64.22","71.45","71.45","71.45"
"198","62.01","62.01","62.01","62.97","62.97","62.97","63.71","63.71","63.71","64.02","64.02","64.02","72.45","72.45","72.45","63.18","63.18","63.18","72.49","72.49","72.49","64.28","64.28","64.28","71.29","71.29","71.29"
"199","62.21","62.21","62.21","63.06","63.06","63.06","63.54","63.54","63.54","64.28","64.28","64.28","72.32","72.32","72.32","63.18","63.18","63.18","72.55","72.55","72.55","63.95","63.95","63.95","71.54","71.54","71.54"
"200","62.12","62.12","62.12","62.96","62.96","62.96","63.86","63.86","63.86","63.89","63.89","63.89","72.35","72.35","72.35","63.04","63.04","63.04","72.53","72.53","72.53","64.48","64.48","64.48","71.75","71.75","71.75"
"201","62.47","62.47","62.47","63.22","63.22","63.22","63.73","63.73","63.73","64.26","64.26","64.26","72.28","72.28","72.28","62.93","62.93","62.93","72.57","72.57","72.57","64.29","64.29","64.29","71.77","71.77","71.77"
"202","62.11","62.11","62.11","63.19","63.19","63.19","63.51","63.51","63.51","64.29","64.29","64.29","72.45","72.45","72.45","63.11","63.11","63.11","72.51","72.51","72.51","64.17","64.17","64.17","71.5","71.5","71.5"
"203","62.34","62.34","62.34","63.15","63.15","63.15","63.84","63.84","63.84","64.52","64.52","64.52","72.15","72.15","72.15","63.32","63.32","63.32","72.61","72.61","72.61","64.25","64.25","64.25","71.66","71.66","71.66"
"204","62.19","62.19","62.19","63.21","63.21","63.21","63.74","63.74","63.74","64.4","64.4","64.4","72.41","72.41","72.41","63.17","63.17","63.17","72.46","72.46","72.46","64.2","64.2","64.2","71.75","71.75","71.75"
"205","62.31","62.31","62.31","63.16","63.16","63.16","63.75","63.75","63.75","63.89","63.89","63.89","72.34","72.34","72.34","63.12","63.12","63.12","72.5","72.5","72.5","64.28","64.28","64.28","71.79","71.79","71.79"
"206","62.35","62.35","62.35","63.08","63.08","63.08","63.79","63.79","63.79","63.83","63.83","63.83","71.9","71.9","71.9","63.04","63.04","63.04","72.76","72.76","72.76","63.9","63.9","63.9","71.44","71.44","71.44"
"207","61.85","61.85","61.85","62.97","62.97","62.97","63.92","63.92","63.92","64.09","64.09","64.09","72.35","72.35","72.35","63.29","63.29","63.29","72.77","72.77","72.77","64.32","64.32","64.32","71.52","71.52","71.52"
"208","62.2","62.2","62.2","63.41","63.41","63.41","63.64","63.64","63.64","63.99","63.99","63.99","72.21","72.21","72.21","63.11","63.11","63.11","72.55","72.55","72.55","64.31","64.31","64.31","71.64","71.64","71.64"
"209","62.46","62.46","62.46","63.32","63.32","63.32","63.72","63.72","63.72","63.92","63.92","63.92","72.4","72.4","72.4","63.23","63.23","63.23","72.54","72.54","72.54","64.27","64.27","64.27","71.41","71.41","71.41"
"210","62.18","62.18","62.18","63.07","63.07","63.07","63.83","63.83","63.83","64.35","64.35","64.35","72.27","72.27","72.27","62.91","62.91","62.91","72.46","72.46","72.46","64.56","64.56","64.56","71.5","71.5","71.5"
"211","62.12","62.12","62.12","63.16","63.16","63.16","63.65","63.65","63.65","64.76","64.76","64.76","72.42","72.42","72.42","63.05","63.05","63.05","72.94","72.94","72.94","64.41","64.41","64.41","71.41","71.41","71.41"
"212","62.16","62.16","62.16","63.09","63.09","63.09","63.77","63.77","63.77","64.49","64.49","64.49","72.33","72.33","72.33","63.32","63.32","63.32","72.54","72.54","72.54","64.5","64.5","64.5","71.7","71.7","71.7"
"213","62.11","62.11","62.11","63.36","63.36","63.36","64.03","64.03","64.03","64.68","64.68","64.68","72.43","72.43","72.43","63.13","63.13","63.13","72.64","72.64","72.64","64.65","64.65","64.65","71.63","71.63","71.63"
"214","62.25","62.25","62.25","63.46","63.46","63.46","63.8","63.8","63.8","64.71","64.71","64.71","72.39","72.39","72.39","63.2","63.2","63.2","72.54","72.54","72.54","64.6","64.6","64.6","71.36","71.36","71.36"
"215","62.19","62.19","62.19","63.38","63.38","63.38","63.77","63.77","63.77","64.32","64.32","64.32","72.19","72.19","72.19","62.74","62.74","62.74","72.81","72.81","72.81","64.6","64.6","64.6","71.55","71.55","71.55"
"216","62.33","62.33","62.33","63.31","63.31","63.31","64.11","64.11","64.11","64.51","64.51","64.51","72.2","72.2","72.2","63.13","63.13","63.13","72.59","72.59","72.59","64.74","64.74","64.74","71.48","71.48","71.48"
"217","62.27","62.27","62.27","63.02","63.02","63.02","63.88","63.88","63.88","64.58","64.58","64.58","72.14","72.14","72.14","63.23","63.23","63.23","72.76","72.76","72.76","64.63","64.63","64.63","71.5","71.5","71.5"
"218","62.46","62.46","62.46","63.3","63.3","63.3","63.82","63.82","63.82","64.52","64.52","64.52","72","72","72","63.07","63.07","63.07","72.92","72.92","72.92","64.58","64.58","64.58","71.44","71.44","71.44"
"219","62.29","62.29","62.29","63.19","63.19","63.19","63.8","63.8","63.8","64.58","64.58","64.58","72.06","72.06","72.06","63.15","63.15","63.15","72.64","72.64","72.64","64.58","64.58","64.58","71.4","71.4","71.4"
"220","62.1","62.1","62.1","63.18","63.18","63.18","64","64","64","64.62","64.62","64.62","72.29","72.29","72.29","63.14","63.14","63.14","72.77","72.77","72.77","64.66","64.66","64.66","71.37","71.37","71.37"
"221","62.14","62.14","62.14","63.13","63.13","63.13","63.92","63.92","63.92","64.28","64.28","64.28","72.32","72.32","72.32","63.15","63.15","63.15","72.57","72.57","72.57","64.58","64.58","64.58","71.49","71.49","71.49"
"222","62.18","62.18","62.18","63.38","63.38","63.38","63.87","63.87","63.87","64.86","64.86","64.86","72.44","72.44","72.44","62.83","62.83","62.83","72.66","72.66","72.66","64.58","64.58","64.58","71.61","71.61","71.61"
"223","62.13","62.13","62.13","63.04","63.04","63.04","63.94","63.94","63.94","64.76","64.76","64.76","72.3","72.3","72.3","63.06","63.06","63.06","72.73","72.73","72.73","64.62","64.62","64.62","71.41","71.41","71.41"
"224","62.34","62.34","62.34","63.04","63.04","63.04","63.96","63.96","63.96","64.69","64.69","64.69","72.38","72.38","72.38","63.22","63.22","63.22","72.78","72.78","72.78","64.6","64.6","64.6","71.5","71.5","71.5"
"225","62.25","62.25","62.25","63.17","63.17","63.17","63.97","63.97","63.97","64.72","64.72","64.72","72.32","72.32","72.32","62.7","62.7","62.7","72.32","72.32","72.32","64.65","64.65","64.65","71.44","71.44","71.44"
"226","62.19","62.19","62.19","62.95","62.95","62.95","63.99","63.99","63.99","64.64","64.64","64.64","72.24","72.24","72.24","63.09","63.09","63.09","72.62","72.62","72.62","64.47","64.47","64.47","71.44","71.44","71.44"
"227","62.21","62.21","62.21","63.27","63.27","63.27","63.9","63.9","63.9","64.51","64.51","64.51","72.27","72.27","72.27","63.1","63.1","63.1","72.58","72.58","72.58","64.82","64.82","64.82","71.56","71.56","71.56"
"228","62.11","62.11","62.11","63.32","63.32","63.32","63.77","63.77","63.77","64.39","64.39","64.39","72.33","72.33","72.33","63.06","63.06","63.06","72.73","72.73","72.73","64.61","64.61","64.61","71.48","71.48","71.48"
"229","62.06","62.06","62.06","63.58","63.58","63.58","63.89","63.89","63.89","64.75","64.75","64.75","72.1","72.1","72.1","62.98","62.98","62.98","72.88","72.88","72.88","64.79","64.79","64.79","71.42","71.42","71.42"
"230","62.62","62.62","62.62","63.07","63.07","63.07","63.83","63.83","63.83","64.59","64.59","64.59","72.2","72.2","72.2","63.13","63.13","63.13","72.53","72.53","72.53","64.79","64.79","64.79","71.24","71.24","71.24"
"231","62.25","62.25","62.25","62.94","62.94","62.94","63.91","63.91","63.91","64.51","64.51","64.51","72.22","72.22","72.22","63.05","63.05","63.05","72.7","72.7","72.7","64.58","64.58","64.58","71.63","71.63","71.63"
"232","62.41","62.41","62.41","63.25","63.25","63.25","63.99","63.99","63.99","64.54","64.54","64.54","72.47","72.47","72.47","63.08","63.08","63.08","72.48","72.48","72.48","64.69","64.69","64.69","71.45","71.45","71.45"
"233","62.23","62.23","62.23","63.11","63.11","63.11","63.85","63.85","63.85","64.7","64.7","64.7","72.48","72.48","72.48","63.07","63.07","63.07","72.63","72.63","72.63","64.57","64.57","64.57","71.61","71.61","71.61"
"234","62.4","62.4","62.4","63.24","63.24","63.24","63.83","63.83","63.83","64.64","64.64","64.64","72.27","72.27","72.27","62.82","62.82","62.82","72.88","72.88","72.88","64.7","64.7","64.7","71.61","71.61","71.61"
"235","62.21","62.21","62.21","63.27","63.27","63.27","64.15","64.15","64.15","64.56","64.56","64.56","72.28","72.28","72.28","63.14","63.14","63.14","72.45","72.45","72.45","64.65","64.65","64.65","71.77","71.77","71.77"
"236","62.17","62.17","62.17","63.26","63.26","63.26","64.18","64.18","64.18","64.57","64.57","64.57","72.34","72.34","72.34","62.99","62.99","62.99","72.51","72.51","72.51","64.64","64.64","64.64","71.47","71.47","71.47"
"237","62.35","62.35","62.35","63.43","63.43","63.43","63.83","63.83","63.83","64.63","64.63","64.63","72.5","72.5","72.5","63.22","63.22","63.22","72.81","72.81","72.81","64.64","64.64","64.64","71.61","71.61","71.61"
"238","62.45","62.45","62.45","63.35","63.35","63.35","63.84","63.84","63.84","64.92","64.92","64.92","72.3","72.3","72.3","62.99","62.99","62.99","72.65","72.65","72.65","64.7","64.7","64.7","71.53","71.53","71.53"
"239","62.38","62.38","62.38","63.35","63.35","63.35","64.12","64.12","64.12","64.57","64.57","64.57","72.41","72.41","72.41","63.07","63.07","63.07","72.69","72.69","72.69","64.7","64.7","64.7","71.55","71.55","71.55"